Артикул,Цена,Ссылка
GA-700SKE-7AER, 20 910,https://shop.casio.ru/catalog/g-shock-youth/ga-700ske-7aer/
GA-2100SKE-7AER, 20 126,https://shop.casio.ru/catalog/g-shock-youth/ga-2100ske-7aer/
DW-5600SKE-7ER, 20 126,https://shop.casio.ru/catalog/g-shock/dw-5600ske-7er/
GA-110SKE-8AER, 20 910,https://shop.casio.ru/catalog/g-shock-youth/ga-110ske-8aer/
GA-900SKE-8AER, 13 064,https://shop.casio.ru/catalog/g-shock-youth/ga-900ske-8aer/
GA-2000SKE-8AER, 20 910,https://shop.casio.ru/catalog/g-shock-youth/ga-2000ske-8aer/
GA-2100-1A1ER, 16 987,https://shop.casio.ru/catalog/g-shock-youth/ga_2100_1a1er/
GA-2100-1AER, 16 987,https://shop.casio.ru/catalog/g-shock-youth/ga_2100_1aer/
GA-2100-4AER, 16 987,https://shop.casio.ru/catalog/g-shock-youth/ga_2100_4aer/
GMW-B5000D-1ER, 84 987,https://shop.casio.ru/catalog/g-shock-premium/gmw_b5000d_1er/
DW-5600BBMB-1ER, 10 449,https://shop.casio.ru/catalog/g-shock/dw_5600bbmb_1er/
DW-5600E-1VER, 13 064,https://shop.casio.ru/catalog/g-shock/dw_5600e_1ver/
DW-5610DN-9ER, 19 995,https://shop.casio.ru/catalog/g-shock/dw-5610dn-9/
A1000D-7EF, 18 295,https://shop.casio.ru/catalog/vintage/a1000d-7ef/
A1000M-1BEF, 18 295,https://shop.casio.ru/catalog/vintage/a1000m-1bef/
A1000MCG-9EF, 26 141,https://shop.casio.ru/catalog/vintage/a1000mcg-9ef/
A1000RG-5EF, 13 064,https://shop.casio.ru/catalog/vintage/a1000rg-5ef/
A100WEPC-1BER, 18 003,https://shop.casio.ru/catalog/vintage/a100wepc-1ber/
AWM-500GC-1AJR, 214 183,https://shop.casio.ru/catalog/g-shock/awm_500gc_1ajr/
DW-5600BB-1ER, 16 987,https://shop.casio.ru/catalog/g-shock/dw_5600bb_1er/
DW-5600CA-2ER, 18 295,https://shop.casio.ru/catalog/g-shock/dw-5600ca-2er/
DW-5600CA-8ER, 18 295,https://shop.casio.ru/catalog/g-shock/dw-5600ca-8er/
DW-5600DAILY21-1ER, 24 038,https://shop.casio.ru/catalog/g-shock/dw-5600daily21-1er/
DW-5600GC-7ER, 20 910,https://shop.casio.ru/catalog/g-shock-youth/dw_5600gc_7er/
DW-5610SUS-5ER, 19 995,https://shop.casio.ru/catalog/g-shock/dw_5610sus_5er/
DW-6900LS-1ER, 15 418,https://shop.casio.ru/catalog/g-shock-youth/dw-6900ls-1/
DW-6900LS-2ER, 15 418,https://shop.casio.ru/catalog/g-shock-youth/dw-6900ls-2/
DWE-5600CC-3ER, 36 341,https://shop.casio.ru/catalog/g-shock/dwe_5600cc_3er/
DWE-5600R-9ER, 36 603,https://shop.casio.ru/catalog/g-shock/dwe_5600r_9er/
ECB-900DB-1AER, 35 295,https://shop.casio.ru/catalog/edifice-connected/ecb_900db_1aer/
ECB-S100D-1AEF, 37 910,https://shop.casio.ru/catalog/edifice-connected/ecb-s100d-1aef/
ECB-S100D-2AEF, 37 910,https://shop.casio.ru/catalog/edifice-connected/ecb-s100d-2aef/
ECB-S100DC-2AEF, 47 064,https://shop.casio.ru/catalog/edifice-connected/ecb-s100dc-2aef/
EF-129D-1AVEF, 15 679,https://shop.casio.ru/catalog/edifice/ef_129d_1avef/
EF-527D-1AVEF, 24 179,https://shop.casio.ru/catalog/edifice/ef_527d_1avef/
EF-527D-2AVUEF, 24 179,https://shop.casio.ru/catalog/edifice/ef_527d_2avuef/
EF-527D-3AVUEF, 24 179,https://shop.casio.ru/catalog/edifice/ef_527d_3avuef/
EF-539D-1AVEF, 24 179,https://shop.casio.ru/catalog/edifice/ef_539d_1avef/
EF-552-1AVEF, 16 333,https://shop.casio.ru/catalog/edifice/ef_552_1avef/
EFB-680D-1AVUEF, 25 487,https://shop.casio.ru/catalog/edifice/efb-680d-1avuef/
EFB-680D-2BVUEF, 25 487,https://shop.casio.ru/catalog/edifice/efb-680d-2bvuef/
EFB-680D-7AVUEF, 25 487,https://shop.casio.ru/catalog/edifice/efb-680d-7avuef/
EFR-526D-7AVUEF, 18 295,https://shop.casio.ru/catalog/edifice/efr_526d_7avuef/
EFR-526L-1AVUEF, 16 987,https://shop.casio.ru/catalog/edifice/efr_526l_1avuef/
EFR-539D-1A2VUEF, 24 179,https://shop.casio.ru/catalog/edifice/efr_539d_1a2vuef/
EFR-552D-1A2VUEF, 18 295,https://shop.casio.ru/catalog/edifice/efr_552d_1a2vuef/
EFR-552D-1AVUEF, 18 295,https://shop.casio.ru/catalog/edifice/efr_552d_1avuef/
EFR-556D-1AVUEF, 23 002,https://shop.casio.ru/catalog/edifice/efr_556d_1avuef/
EFR-556DB-1AVUEF, 24 179,https://shop.casio.ru/catalog/edifice/efr_556db_1avuef/
EFR-556DB-2AVUEF, 24 179,https://shop.casio.ru/catalog/edifice/efr_556db_2avuef/
EFR-556L-1AVUEF, 20 910,https://shop.casio.ru/catalog/edifice/efr_556l_1avuef/
EFR-571D-1AVUEF, 23 002,https://shop.casio.ru/catalog/edifice/efr_571d_1avuef/
EFR-571DB-1A1VUEF, 24 179,https://shop.casio.ru/catalog/edifice/efr_571db_1a1vuef/
EFR-571MD-8AVUEF, 23 526,https://shop.casio.ru/catalog/edifice/efr_571md_8avuef/
EFR-S108D-1AVUEF, 20 910,https://shop.casio.ru/catalog/edifice/efr_s108d_1avuef/
EFR-S108D-7AVUEF, 20 910,https://shop.casio.ru/catalog/edifice/efr_s108d_7avuef/
EFR-S567D-1AVUEF, 26 141,https://shop.casio.ru/catalog/edifice/efr_s567d_1avuef/
EFR-S572DC-1AVUEF, 30 073,https://shop.casio.ru/catalog/edifice/efr_s572dc_1avuef/
EFS-S510D-2AVUEF, 28 102,https://shop.casio.ru/catalog/edifice/efs_s510d_2avuef/
EFS-S540DB-1AUEF, 34 772,https://shop.casio.ru/catalog/edifice/efs_s540db_1auef/
EFS-S570DC-1AUEF, 44 013,https://shop.casio.ru/catalog/edifice/efs-s570dc-1auef/
EFS-S580DB-1AVUEF, 33 987,https://shop.casio.ru/catalog/edifice/efs_s580db_1avuef/
EFS-S590AT-1AER, 48 372,https://shop.casio.ru/catalog/edifice/efs_s590at_1aer/
EFS-S600D-1A2VUEF, 28 102,https://shop.casio.ru/catalog/edifice/efs_s600d_1a2vuef/
EFS-S600D-1A4VUEF, 28 102,https://shop.casio.ru/catalog/edifice/efs_s600d_1a4vuef/
EFV-540D-1A, 18 295,https://shop.casio.ru/catalog/edifice/efv_540d_1a/
EFV-540D-1A2VUEF, 18 295,https://shop.casio.ru/catalog/edifice/efv-540d-1a2vuef/
EFV-540D-7AVUEF, 18 295,https://shop.casio.ru/catalog/edifice/efv-540d-7avuef/
EFV-540DC-1AVUEF, 23 002,https://shop.casio.ru/catalog/edifice/efv_540dc_1avuef/
EFV-550GY-8AVUEF, 23 002,https://shop.casio.ru/catalog/edifice/efv_550gy_8avuef/
EFV-550P-1AVUEF, 16 987,https://shop.casio.ru/catalog/edifice/efv_550p_1avuef/
EFV-560D-1AVUEF, 20 910,https://shop.casio.ru/catalog/edifice/efv_560d_1avuef/
EFV-560D-2AVUEF, 20 910,https://shop.casio.ru/catalog/edifice/efv_560d_2avuef/
EFV-600D-2AVUEF, 16 987,https://shop.casio.ru/catalog/edifice/efv_600d_2avuef/
EFV-610D-1AVUEF, 18 295,https://shop.casio.ru/catalog/edifice/efv_610d_1avuef/
EFV-610DB-2AVUEF, 20 910,https://shop.casio.ru/catalog/edifice/efv_610db_2avuef/
EFV-610DC-1AVUEF, 20 910,https://shop.casio.ru/catalog/edifice/efv_610dc_1avuef/
EFV-620D-1A2VUEF, 18 295,https://shop.casio.ru/catalog/edifice/efv_620d_1a2vuef/
EFV-620D-1A4VUEF, 18 295,https://shop.casio.ru/catalog/edifice/efv_620d_1a4vuef/
EFV-620D-2AVUEF, 18 295,https://shop.casio.ru/catalog/edifice/efv_620d_2avuef/
EFV-620L-1AVUEF, 18 295,https://shop.casio.ru/catalog/edifice/efv_620l_1avuef/
EFV-C100D-1AVEF, 18 295,https://shop.casio.ru/catalog/edifice/efv_c100d_1avef/
EQB-1000AT-1AER, 76 945,https://shop.casio.ru/catalog/edifice-connected/eqb_1000at_1aer/
EQB-1000D-1AER, 40 003,https://shop.casio.ru/catalog/edifice-connected/eqb_1000d_1aer/
EQB-1200AT-1AER, 92 834,https://shop.casio.ru/catalog/edifice-connected/eqb-1200at-1aer/
EQB-1200D-1AER, 52 295,https://shop.casio.ru/catalog/edifice-connected/eqb-1200d-1aer/
EQB-1200D-2AER, 52 295,https://shop.casio.ru/catalog/edifice-connected/eqb-1200d-2aer/
EQB-1200DC-1AER, 64 064,https://shop.casio.ru/catalog/edifice-connected/eqb-1200dc-1aer/
EQW-A2000HR-1AER, 77 010,https://shop.casio.ru/catalog/edifice/eqw-a2000hr-1aer/
GA-100-1A1ER, 18 295,https://shop.casio.ru/catalog/g-shock-youth/ga_100_1a1er/
GA-100-1A2ER, 18 295,https://shop.casio.ru/catalog/g-shock-youth/ga_100_1a2er/
GA-100-1A4ER, 18 295,https://shop.casio.ru/catalog/g-shock-youth/ga_100_1a4er/
GA-100B-4AER, 18 295,https://shop.casio.ru/catalog/g-shock-youth/ga_100b_4aer/
GA-100CF-1A9ER, 22 218,https://shop.casio.ru/catalog/g-shock-youth/ga_100cf_1a9er/
GA-110-1BER, 20 910,https://shop.casio.ru/catalog/g-shock-youth/ga_110_1ber/
GA-110GB-1AER, 23 526,https://shop.casio.ru/catalog/g-shock-youth/ga_110gb_1aer/
GA-110LS-1AER, 22 933,https://shop.casio.ru/catalog/g-shock-youth/ga_110ls_1aer/
GA-140-1A1ER, 18 295,https://shop.casio.ru/catalog/g-shock-youth/ga_140_1a1er/
GA-140-6AER, 18 295,https://shop.casio.ru/catalog/g-shock-youth/ga_140_6aer/
GA-140CT-1AER, 18 164,https://shop.casio.ru/catalog/g-shock-youth/ga-140ct-1aer/
GA-2000-1A2ER, 22 218,https://shop.casio.ru/catalog/g-shock-youth/ga_2000_1a2er/
GA-2000-1A9ER, 22 218,https://shop.casio.ru/catalog/g-shock-youth/ga_2000_1a9er/
GA-2000S-1AER, 20 910,https://shop.casio.ru/catalog/g-shock-youth/ga_2000s_1aer/
GA-2100CA-8AER, 18 295,https://shop.casio.ru/catalog/g-shock-youth/ga-2100ca-8aer/
GA-2100FR-3AER, 20 910,https://shop.casio.ru/catalog/g-shock-youth/ga_2100fr_3aer/
GA-2100FR-5AER, 20 910,https://shop.casio.ru/catalog/g-shock-youth/ga_2100fr_5aer/
GA-2100SU-1AER, 20 126,https://shop.casio.ru/catalog/g-shock-youth/ga_2100su_1aer/
GA-2110ET-2AER, 20 126,https://shop.casio.ru/catalog/g-shock-youth/ga_2110et_2aer/
GA-2110ET-8AER, 20 126,https://shop.casio.ru/catalog/g-shock-youth/ga_2110et_8aer/
GA-2110SU-3AER, 20 126,https://shop.casio.ru/catalog/g-shock-youth/ga_2110su_3aer/
GA-2200-2AER, 20 387,https://shop.casio.ru/catalog/g-shock/ga-2200-2aer/
GA-2200BB-1AER, 20 387,https://shop.casio.ru/catalog/g-shock/ga-2200bb-1aer/
GA-2200M-1AER, 20 910,https://shop.casio.ru/catalog/g-shock/ga-2200m-1aer/
GA-2200M-4AER, 20 910,https://shop.casio.ru/catalog/g-shock/ga-2200m-4aer/
GA-2200MFR-3AER, 26 141,https://shop.casio.ru/catalog/g-shock/ga-2200mfr-3aer/
GA-2200MFR-5AER, 26 141,https://shop.casio.ru/catalog/g-shock/ga-2200mfr-5aer/
GA-700-1BER, 20 910,https://shop.casio.ru/catalog/g-shock-youth/ga_700_1ber/
GA-700CA-5AER, 18 295,https://shop.casio.ru/catalog/g-shock/ga-700ca-5aer/
GA-700CT-1AER, 18 164,https://shop.casio.ru/catalog/g-shock-youth/ga-700ct-1aer/
GA-710GB-1AER, 25 487,https://shop.casio.ru/catalog/g-shock-youth/ga_710gb_1aer/
GA-900-1AER, 20 910,https://shop.casio.ru/catalog/g-shock-youth/ga_900_1aer/
GA-900-2AER, 20 910,https://shop.casio.ru/catalog/g-shock-youth/ga_900_2aer/
GA-900-4AER, 13 064,https://shop.casio.ru/catalog/g-shock-youth/ga_900_4aer/
GA-900AG-1AER, 24 572,https://shop.casio.ru/catalog/g-shock-youth/ga-900ag-1aer/
GA-900C-1A4ER, 22 872,https://shop.casio.ru/catalog/g-shock-youth/ga_900c_1a4er/
GA-900E-1A3ER, 13 064,https://shop.casio.ru/catalog/g-shock-youth/ga_900e_1a3er/
GA-900GC-7AER, 25 483,https://shop.casio.ru/catalog/g-shock-youth/ga_900gc_7aer/
GA-900TS-6AER, 25 487,https://shop.casio.ru/catalog/g-shock-youth/ga-900ts-6aer/
GAE-2100GC-7AER, 36 603,https://shop.casio.ru/catalog/g-shock-youth/gae_2100gc_7aer/
GAW-100B-1A2ER, 24 833,https://shop.casio.ru/catalog/g-shock-youth/gaw_100b_1a2er/
GAW-100B-1AER, 24 833,https://shop.casio.ru/catalog/g-shock-youth/gaw_100b_1aer/
GBA-800-1AER, 22 872,https://shop.casio.ru/catalog/g-shock-connected/gba_800_1aer/
GBA-800-9AER, 22 872,https://shop.casio.ru/catalog/g-shock-connected/gba_800_9aer/
GBD-800-1BER, 18 295,https://shop.casio.ru/catalog/g-shock-connected/gbd_800_1ber/
GBD-800-8ER, 18 295,https://shop.casio.ru/catalog/g-shock-connected/gbd_800_8er/
GBD-800UC-8ER, 18 295,https://shop.casio.ru/catalog/g-shock-connected/gbd_800uc_8er/
GG-B100-1A3ER, 64 064,https://shop.casio.ru/catalog/g-shock-connected/gg_b100_1a3er/
GG-B100-1AER, 64 064,https://shop.casio.ru/catalog/g-shock-connected/gg_b100_1aer/
GM-110G-1A9ER, 39 872,https://shop.casio.ru/catalog/g-shock-youth/gm_110g_1a9er/
GM-110NE-1AER, 61 098,https://shop.casio.ru/catalog/g-shock-youth/gm_110ne_1aer/
GM-110SCM-1AER, 30 783,https://shop.casio.ru/catalog/g-shock-youth/gm_110scm_1aer/
GM-110SG-9AER, 43 926,https://shop.casio.ru/catalog/g-shock-youth/gm-110sg-9aer/
GM-2100-1AER, 33 987,https://shop.casio.ru/catalog/g-shock/gm-2100-1aer/
GM-2100B-3AER, 37 910,https://shop.casio.ru/catalog/g-shock/gm-2100b-3aer/
GM-2100B-4AER, 37 910,https://shop.casio.ru/catalog/g-shock/gm-2100b-4aer/
GM-2100N-2AER, 37 910,https://shop.casio.ru/catalog/g-shock-youth/gm-2100n-2aer/
GM-5600-1ER, 32 156,https://shop.casio.ru/catalog/g-shock/gm_5600_1er/
GM-5600EY-1DR, 62 883,https://shop.casio.ru/catalog/g-shock-youth/gm_5600ey_1dr/
GM-5600SCM-1ER, 22 218,https://shop.casio.ru/catalog/g-shock/gm_5600scm_1er/
GM-5600SG-9ER, 23 526,https://shop.casio.ru/catalog/g-shock/gm-5600sg-9er/
GM-6900-1ER, 32 156,https://shop.casio.ru/catalog/g-shock/gm_6900_1er/
GM-6900B-4ER, 32 156,https://shop.casio.ru/catalog/g-shock/gm_6900b_4er/
GM-6900G-9ER, 32 156,https://shop.casio.ru/catalog/g-shock/gm_6900g_9er/
GM-6900SCM-1ER, 20 910,https://shop.casio.ru/catalog/g-shock/gm_6900scm_1er/
GM-6900SG-9ER, 32 156,https://shop.casio.ru/catalog/g-shock/gm-6900sg-9er/
GMD-B800-1ER, 18 295,https://shop.casio.ru/catalog/g-shock-connected/gmd_b800_1er/
GMD-B800-4ER, 18 295,https://shop.casio.ru/catalog/g-shock-connected/gmd_b800_4er/
GMW-B5000GD-4ER, 88 911,https://shop.casio.ru/catalog/g-shock-premium/gmw_b5000gd_4er/
GMW-B5000GD-9ER, 88 911,https://shop.casio.ru/catalog/g-shock-premium/gmw_b5000gd_9er/
GMW-B5000RD-4ER, 67 987,https://shop.casio.ru/catalog/g-shock-premium/gmw-b5000rd-4er/
GST-B100-1AER, 47 064,https://shop.casio.ru/catalog/g-shock-g-steel/gst_b100_1aer/
GST-B100D-1AER, 59 749,https://shop.casio.ru/catalog/g-shock-g-steel/gst_b100d_1aer/
GST-B400-1AER, 52 295,https://shop.casio.ru/catalog/g-shock-g-steel/gst_b400_1aer/
GST-B400D-1AER, 61 449,https://shop.casio.ru/catalog/g-shock-g-steel/gst_b400d_1aer/
GST-W110-1AER, 45 233,https://shop.casio.ru/catalog/g-shock-g-steel/gst_w110_1aer/
GW-9400-1ER, 50 072,https://shop.casio.ru/catalog/g-shock-professional/gw_9400_1er/
GW-B5600-2ER, 23 133,https://shop.casio.ru/catalog/g-shock-connected/gw_b5600_2er/
GW-B5600BC-1BER, 35 295,https://shop.casio.ru/catalog/g-shock-connected/gw_b5600bc_1ber/
GW-B5600CT-1ER, 20 779,https://shop.casio.ru/catalog/g-shock-connected/gw-b5600ct-1er/
GW-B5600GZ-1ER, 20 779,https://shop.casio.ru/catalog/g-shock/gw-b5600gz-1er/
GW-M5610U-1BER, 23 526,https://shop.casio.ru/catalog/g-shock/gw_m5610u_1ber/
GW-M5610U-1ER, 23 526,https://shop.casio.ru/catalog/g-shock/gw_m5610u_1er/
GWG-1000-1A3ER, 117 680,https://shop.casio.ru/catalog/g-shock-professional/gwg_1000_1a3er/
GWG-2000-1A1ER, 128 142,https://shop.casio.ru/catalog/g-shock/gwg_2000_1a1er/
GWG-2000-1A3ER, 128 142,https://shop.casio.ru/catalog/g-shock/gwg_2000_1a3er/
GWG-2000-1A5ER, 128 142,https://shop.casio.ru/catalog/g-shock/gwg_2000_1a5er/
GWG-2000TLC-1AER, 130 757,https://shop.casio.ru/catalog/g-shock/gwg-2000tlc-1aer/
GX-56BB-1ER, 23 002,https://shop.casio.ru/catalog/g-shock/gx_56bb_1er/
GXW-56BB-1ER, 32 026,https://shop.casio.ru/catalog/g-shock-youth/gxw_56bb_1er/
MRG-B1000D-1ADR, 399 483,https://shop.casio.ru/catalog/g-shock-premium/mrg-b1000d-1adr/
MRG-B2000B-1ADR, 396 083,https://shop.casio.ru/catalog/g-shock-premium/mrg-b2000b-1a/
MTG-B1000-1AER, 138 603,https://shop.casio.ru/catalog/g-shock-premium/mtg-b1000-1aer/
MTG-B2000B-1A2ER, 180 450,https://shop.casio.ru/catalog/g-shock-premium/mtg_b2000b_1a2er/
MTG-B2000BD-1A4ER, 180 450,https://shop.casio.ru/catalog/g-shock-premium/mtg_b2000bd_1a4er/
MTG-B2000D-1AER, 180 450,https://shop.casio.ru/catalog/g-shock-premium/mtg-b2000d-1aer/
PRG-270-1ER, 19 390,https://shop.casio.ru/catalog/protrek/prg_270_1er/
PRG-330-1E, 35 295,https://shop.casio.ru/catalog/protrek/prg_330_1e/
PRW-30-1AER, 49 156,https://shop.casio.ru/catalog/protrek/prw_30_1aer/
PRW-6600YB-3ER, 64 064,https://shop.casio.ru/catalog/protrek/prw_6600yb_3er/
